command,mean,stddev,median,user,system,min,max
target_grk/bin/x86_64/AckGoto 1 1,0.0004857030640000001,0.00039660849773255863,0.0005839150200000001,0.00039650000000000004,0.000832688,0,0.0010768955200000001
target_grk/bin/x86_64/AckGoto 2 3,0.0007818395200000003,0.0004343600447388727,0.0008415080200000003,0.0004924,0.001240432,0.000017083520000000293,0.0014180375200000001
target_grk/bin/x86_64/AckGoto 3 2,0.0005711743200000003,0.00026970245890726,0.0005541720200000003,0.0006427000000000001,0.000753688,0.00016760852000000017,0.0010061555200000004
