command,mean,stddev,median,user,system,min,max
target_grk/bin/x86_64/Divrec 10,0.0001480825119999999,0.00011716587678850647,0.00013451613999999987,0.00036587600000000006,0.000228016,0,0.0003824076399999998
target_grk/bin/x86_64/Divrec 100,0.00114768134,0.00041772350967809904,0.00115870964,0.0011605760000000002,0.00038201599999999994,0.0005382526399999997,0.00169917564
target_grk/bin/x86_64/Divrec 1000,0.00165993664,0.000404801424471308,0.0015609716399999998,0.0006634880000000001,0.0016270479999999996,0.00127173864,0.00267294764
target_grk/bin/x86_64/Divrec 10000,0.0012143901399999997,0.0008221895908655199,0.00105828764,0.000860904,0.000819624,0.0003592226399999998,0.00310528464
