command,mean,stddev,median,user,system,min,max
target_grk/bin/x86_64/EraseUnused 40,0.0006798053915690875,0.0003598488561382168,0.0006619280999999998,0.0005849819203747073,0.0008316487431693987,0,0.0022102401
