command,mean,stddev,median,user,system,min,max
target_grk/bin/x86_64/EraseUnused 10,0.00038707638668192187,0.00010127944520371256,0.0003804105399999999,0.00033262696567505764,0.0002942482929061784,0.00017890853999999977,0.0008623525399999998
target_grk/bin/x86_64/EraseUnused 100,0.00043853597673668767,0.00011000098240823976,0.0004333505399999999,0.00036669823155837755,0.0003102629408891061,0.00009352353999999988,0.0008478455399999999
target_grk/bin/x86_64/EraseUnused 1000,0.0021983089590782426,0.0001620368805745058,0.00220175354,0.0016464070310825303,0.0007664148981779203,0.0012623685399999998,0.00269087354
target_grk/bin/x86_64/EraseUnused 10000,0.1272406928031579,0.030976888030038004,0.11715534554,0.12577118736842105,0.0011866747368421053,0.09100419954,0.18836061554
