command,mean,stddev,median,user,system,min,max
target_grk/bin/x86_64/EraseUnused 10,0.000705961251902282,0.0002949691453420618,0.0006298580000000001,0.00048679735682819353,0.0000930620744893872,0.000334755,0.0016789020000000001
target_grk/bin/x86_64/EraseUnused 100,0.0007333262078503697,0.0002978516735611265,0.000663666,0.0005226859852476289,0.00009653345626975765,0.000291909,0.00191868
target_grk/bin/x86_64/EraseUnused 1000,0.0031087426453357343,0.00073908704045388,0.003070708,0.0024962158630013574,0.00040794547093285234,0.0012531760000000002,0.005538169000000001
target_grk/bin/x86_64/EraseUnused 10000,0.08829580219354839,0.0042166219421958815,0.08682888600000001,0.08691151612903227,0.00085,0.083505037,0.09794893900000001
