command,mean,stddev,median,user,system,min,max
target_grk/bin/x86_64/EraseUnused 10,0.0007120393639639651,0.00028094610370890525,0.0006754910000000001,0.0005029700900900905,0.00009146198198198204,0.00031445,0.0024614040000000004
target_grk/bin/x86_64/EraseUnused 100,0.0007134661300295532,0.00027041849536192777,0.000649459,0.0005183123437144787,0.00008973130256876561,0.00030933,0.00177549
target_grk/bin/x86_64/EraseUnused 1000,0.0029167253157894707,0.000753462496946192,0.00264633,0.0023892497607655517,0.0003075014354066986,0.001331394,0.005323584
target_grk/bin/x86_64/EraseUnused 10000,0.11621575293333335,0.03596276865503583,0.09809223,0.11483739999999996,0.0008775,0.08320406300000001,0.172495215
