command,mean,stddev,median,user,system,min,max
target_grk/bin/x86_64/FactorialAccumulator 10,0.0006274186962208062,0.00033658237709451234,0.0006061979399999994,0.000503171040339703,0.0007455722576079259,0,0.0021522069399999995
target_grk/bin/x86_64/FactorialAccumulator 100,0.0006607271545152705,0.0003042299922191194,0.0006558144399999995,0.00055239411686587,0.0007649105976095624,0,0.0020393779399999995
target_grk/bin/x86_64/FactorialAccumulator 1000,0.0005393540083639267,0.0002828209564729338,0.0004902509399999995,0.0004981764724660819,0.0006829779090183561,0,0.0021482599399999997
target_grk/bin/x86_64/FactorialAccumulator 10000,0.000788675700546217,0.00034098093315101767,0.0007824014399999994,0.0005709432212885155,0.0009226982072829131,0,0.0021838159399999997
