command,mean,stddev,median,user,system,min,max
target_grk/bin/x86_64/FactorialAccumulator 10,0.0007658234433005305,0.0007084034238974373,0.0006068655199999999,0.0005871137017411053,0.0009368268281604841,0,0.005664113520000001
target_grk/bin/x86_64/FactorialAccumulator 100,0.0008716693676650576,0.0009555538678819276,0.00062803302,0.0005870359098228665,0.0010316334943639288,0,0.006177482519999999
