command,mean,stddev,median,user,system,min,max
target_grk/bin/x86_64/FactorialAccumulator 10,0.000389207058390804,0.00013752450049949063,0.0003819592799999998,0.0004338246620689655,0.00029506598620689654,0.00003189827999999979,0.0014715212800000001
target_grk/bin/x86_64/FactorialAccumulator 100,0.0003877275496850397,0.00013007496870113703,0.0003707412799999999,0.0004312271850393699,0.00030298826771653516,0.00005710527999999997,0.00144856528
target_grk/bin/x86_64/FactorialAccumulator 1000,0.0003774672971652769,0.00010611570050791633,0.00036791327999999984,0.0004312377636096122,0.0002872263658656207,0.00012344927999999983,0.0008081962799999999
target_grk/bin/x86_64/FactorialAccumulator 10000,0.0004185652325909595,0.00009887332848779732,0.0004117812799999999,0.00044943001102535816,0.00032383124586549085,0.00021081627999999992,0.0008641522800000002
