command,mean,stddev,median,user,system,min,max
target_grk/bin/x86_64/FactorialAccumulator 10,0.0009129552436249529,0.0004836152195583914,0.000852518,0.000570464888191447,0.00017811298548450373,0.000355674,0.003006008
target_grk/bin/x86_64/FactorialAccumulator 100,0.0008299849466666678,0.0004842017505387119,0.0006607290000000001,0.0005337729629629641,0.00015297703703703717,0.000309818,0.003472469
target_grk/bin/x86_64/FactorialAccumulator 1000,0.0009257809240673504,0.00032071532234109295,0.0009335420000000001,0.0006170059425552979,0.00015742555298778462,0.000367275,0.002883412
target_grk/bin/x86_64/FactorialAccumulator 10000,0.0011794019241379316,0.0005139711213799556,0.0011541400000000001,0.0007554787356321834,0.00023963160919540218,0.00042580300000000004,0.0032756950000000003
