command,mean,stddev,median,user,system,min,max
target_grk/bin/x86_64/FactorialAccumulator 10,0.0007074129857784433,0.00030092396743682426,0.0006365520000000001,0.0004912238023952094,0.00009862986526946103,0.00032994000000000003,0.001673098
target_grk/bin/x86_64/FactorialAccumulator 100,0.0007913346814483993,0.0003071031619367768,0.0008063570000000001,0.0005504750358908916,0.00011417195724996022,0.0002885,0.002833438
target_grk/bin/x86_64/FactorialAccumulator 1000,0.0006847542423686399,0.00029451842228904457,0.000600936,0.0004792383653044219,0.00008782502085070886,0.00032667600000000003,0.0026229860000000003
target_grk/bin/x86_64/FactorialAccumulator 10000,0.0008391493858309199,0.0003101947300242944,0.000815699,0.0006122538846457734,0.0001148949170397682,0.000371082,0.0023290150000000003
