command,mean,stddev,median,user,system,min,max
target_grk/bin/x86_64/FactorialAccumulator 10,0.0007323957563855425,0.00038640291041811735,0.0007276968999999996,0.0006235795983935747,0.0008173010441767064,0,0.0030718439
target_grk/bin/x86_64/FactorialAccumulator 100,0.0007392218755081298,0.0003822616849813544,0.0007257103999999998,0.0006739413821138214,0.00075729325203252,0,0.0027837279000000005
target_grk/bin/x86_64/FactorialAccumulator 1000,0.0007507122982829111,0.0003416811744958754,0.0007552368999999999,0.0007046090923957492,0.0007744995911692555,0,0.0030770719000000005
target_grk/bin/x86_64/FactorialAccumulator 10000,0.0008559477692369485,0.0003332135553181198,0.0008478858999999997,0.000765481863453815,0.0008338106987951808,0,0.0026492868999999997
