command,mean,stddev,median,user,system,min,max
target_grk/bin/x86_64/FactorialAccumulator 40,0.0006899828392883623,0.0004029490817696131,0.0006859970800000006,0.0007231360415122311,0.0007439405782060785,0,0.003896626080000001
