command,mean,stddev,median,user,system,min,max
target_grk/bin/x86_64/Fib 3,0.0006416273800000002,0.0002651584122060915,0.0006542309800000002,0.00051515,0.0009887099999999998,0.00011127048000000015,0.00098769348
target_grk/bin/x86_64/Fib 10,0.0009667142800000002,0.0003336444852393371,0.0009967994800000003,0.00133853,0.00018404199999999998,0.0004754974800000001,0.00138064248
target_grk/bin/x86_64/Fib 40,0.82212633168,0.00652085482008105,0.8203278519799999,0.8187134999999998,0.0020737100000000003,0.81363652048,0.83259359948
