command,mean,stddev,median,user,system,min,max
target_grk/bin/x86_64/FibonacciRecursive 40,0.9330961312199999,0.009004851269008818,0.93043745362,0.92934572,0.0016960200000000001,0.92436151012,0.95088405412
