command,mean,stddev,median,user,system,min,max
target_grk/bin/x86_64/FibonacciRecursive 5,0.0007000826819841764,0.00027133321622264093,0.000636492,0.00048696865489957343,0.00009076658551430305,0.00032691400000000003,0.0019868900000000003
target_grk/bin/x86_64/FibonacciRecursive 10,0.0007947342159090898,0.00027448466242918764,0.0008362860000000001,0.0005631656336088155,0.0001148849862258953,0.000323424,0.0018953020000000002
target_grk/bin/x86_64/FibonacciRecursive 20,0.000748074035128805,0.0002667824546670272,0.000659395,0.000559495316159252,0.00008215925058548015,0.000349719,0.00175909
