command,mean,stddev,median,user,system,min,max
target_grk/bin/x86_64/FibonacciRecursive 5,0.0006358380300632907,0.00024056692133897454,0.0005726570000000001,0.00045051582278480954,0.00007238818565400845,0.00029524,0.001803129
target_grk/bin/x86_64/FibonacciRecursive 10,0.0006074611375282588,0.00024479699259676724,0.0005097395,0.0004230651846269776,0.00006835041446872644,0.000315059,0.0016127350000000001
