command,mean,stddev,median,user,system,min,max
target_grk/bin/x86_64/FibonacciRecursive 10,0.00048693665235509934,0.00018968191426694855,0.00046370156000000054,0.0004936848569332364,0.0005374711958914155,0,0.0017912375600000004
