command,mean,stddev,median,user,system,min,max
target_grk/bin/x86_64/IterateIncrement 40,0.000574947535994713,0.00039288813081367005,0.0005386108800000003,0.0006693424983476534,0.0006821418109715799,0,0.0033185468800000003
