command,mean,stddev,median,user,system,min,max
target_grk/bin/x86_64/IterateIncrement 10,0.0007262525174945996,0.00027384029239295687,0.000711583,0.0005170267818574515,0.00009908552915766738,0.00026704500000000004,0.0019700850000000003
target_grk/bin/x86_64/IterateIncrement 100,0.0007412804431361281,0.00026065711932064724,0.0007286510000000001,0.0005358276852383682,0.00009599942561746103,0.00030233800000000003,0.0018267580000000002
target_grk/bin/x86_64/IterateIncrement 1000,0.000767829895757576,0.00028736839864829496,0.0007731755,0.0005395766666666658,0.00010499545454545442,0.000341376,0.0021268800000000003
target_grk/bin/x86_64/IterateIncrement 10000,0.0007748190409387677,0.0002889836517197631,0.0007366390000000001,0.0005652149285336175,0.00010180554085053812,0.000329247,0.002028975
