command,mean,stddev,median,user,system,min,max
target_grk/bin/x86_64/IterateIncrement 10,0.0006494548250381683,0.00025877896564939544,0.000570931,0.0004470369465648857,0.00007858809160305343,0.00031105600000000004,0.001919036
target_grk/bin/x86_64/IterateIncrement 100,0.0006437915477147161,0.0002288886445574202,0.000591418,0.00046802034153691554,0.00007481717729784035,0.00030004500000000003,0.002076974
target_grk/bin/x86_64/IterateIncrement 1000,0.000764102431342293,0.00027213870662617815,0.000770844,0.0005393121005069423,0.00009840445228124306,0.000325064,0.001909426
target_grk/bin/x86_64/IterateIncrement 10000,0.0009058591458333335,0.0002804242338999362,0.0009670535,0.0006516984126984124,0.00012249272486772485,0.00039008,0.0016801420000000001
