command,mean,stddev,median,user,system,min,max
target_grk/bin/x86_64/IterateIncrement 10,0.00044594455832869034,0.00011807607782373027,0.0004507467200000001,0.0005578079944289694,0.0005167952646239549,0,0.00136483172
target_grk/bin/x86_64/IterateIncrement 100,0.0004955395688747625,0.00019489252232462193,0.00046101271999999995,0.0005649361220597588,0.000518536834075016,0,0.0014316547200000002
target_grk/bin/x86_64/IterateIncrement 1000,0.0005103774446529554,0.00019392202954003444,0.00048258672000000007,0.0005739616452442154,0.0005283504627249354,0,0.0015693097200000002
target_grk/bin/x86_64/IterateIncrement 10000,0.0005563268377021277,0.0001867459130717499,0.0005337622200000001,0.0006174051631205681,0.0005233683971631206,0,0.0016070657200000001
