command,mean,stddev,median,user,system,min,max
target_grk/bin/x86_64/Lcss 300,0.02402491294,0.0050145757451800325,0.02143158054,0.023952179999999997,0.0004815999999999999,0.02023191304,0.035351910040000004
