command,mean,stddev,median,user,system,min,max
target_grk/bin/x86_64/LookupTree 10,0.0007320700011351911,0.00034990526587088295,0.0007341451399999999,0.0006320667492260056,0.0008248253044375642,0,0.002765169140000001
target_grk/bin/x86_64/LookupTree 100,0.0007359210012107943,0.0003144321348946588,0.0007243331400000003,0.000671401079504012,0.0008026649452954048,0,0.0027254771400000008
target_grk/bin/x86_64/LookupTree 1000,0.0008592049211853095,0.00033109802916842657,0.0008397546399999999,0.0006707305509181966,0.0009548710851419036,0,0.0028143761400000007
target_grk/bin/x86_64/LookupTree 10000,0.0012477893356745641,0.00036961437586277085,0.00123472114,0.0007630909577754888,0.0013213145623068997,0.0004649221400000001,0.0033655251400000006
