command,mean,stddev,median,user,system,min,max
target_grk/bin/x86_64/LookupTree 10,0.003942269089103037,0.004641110681416262,0.0009297923600000001,0.0015855013343217203,0.0025471033802816905,0,0.01610359536
target_grk/bin/x86_64/LookupTree 100,0.011825256129911506,0.00040984137254480954,0.011800016860000002,0.0034188951327433644,0.0077915806194690275,0.01055765636,0.013709348360000002
target_grk/bin/x86_64/LookupTree 1000,0.008009314006511628,0.0042181853153928145,0.01057489636,0.002633635348837209,0.00523142539534884,0.00089841736,0.01328097936
target_grk/bin/x86_64/LookupTree 10000,0.0004964362598377754,0.000500886293250266,0.00029839036,0.0005971523754345314,0.0005754265585168023,0,0.0025587863600000007
