command,mean,stddev,median,user,system,min,max
target_grk/bin/x86_64/LookupTree 10,0.0009438340381630014,0.0005185337800990642,0.0008550410000000001,0.0005908392626131951,0.00019097089262613191,0.000263981,0.003028142
target_grk/bin/x86_64/LookupTree 100,0.0010249699154094847,0.0004844620477603838,0.0010039035000000002,0.0006423033405172408,0.00020649012212643682,0.00034053500000000005,0.003239862
target_grk/bin/x86_64/LookupTree 1000,0.001152182851736568,0.000601431288200386,0.0010339665,0.0006800683158584541,0.000268646461336828,0.000343163,0.003948329
target_grk/bin/x86_64/LookupTree 10000,0.0014331673300330035,0.00039163098003431717,0.001483346,0.0008483393839383928,0.0003894158415841583,0.0005791230000000001,0.0033046610000000004
