command,mean,stddev,median,user,system,min,max
target_grk/bin/x86_64/LookupTree 10,0.0004929735970852023,0.00045312048028270846,0.00042594719999999994,0.0006074109118086699,0.0006780822122571002,0,0.005616015700000001
target_grk/bin/x86_64/LookupTree 100,0.0006824769149958575,0.00058212177521635,0.0005850036999999998,0.0006555399337199676,0.0008503852526926267,0,0.0042880927
target_grk/bin/x86_64/LookupTree 1000,0.0007501154289915965,0.0005940477213003404,0.0006616187000000001,0.0006781447478991601,0.0009238182773109244,0,0.0034157517000000005
target_grk/bin/x86_64/LookupTree 10000,0.0014190561546589822,0.0007908299504589584,0.0012619347000000002,0.000896932084534102,0.0013609164265129673,0,0.0052551187
