command,mean,stddev,median,user,system,min,max
target_grk/bin/x86_64/LookupTree 40,0.0009684018858773527,0.00032998140938745425,0.0009415173199999994,0.000791284153005465,0.0008269172677595627,0.000023168319999999432,0.0033864923199999996
