command,mean,stddev,median,user,system,min,max
target_grk/bin/x86_64/LookupTree 10,0.0007569403452108548,0.00028368549818562984,0.0007637400000000001,0.000535975482183719,0.00011120137299771169,0.00034290300000000003,0.001822428
target_grk/bin/x86_64/LookupTree 100,0.0007593930690457714,0.000288873135432913,0.0007462530000000001,0.000529331846392554,0.00010933223429014753,0.000335574,0.0018478390000000002
target_grk/bin/x86_64/LookupTree 1000,0.0007494688742138376,0.0003253853402562367,0.0006585315000000001,0.0005267610062893076,0.00010832524707996404,0.00028271700000000004,0.0022307800000000003
target_grk/bin/x86_64/LookupTree 10000,0.0012433837495736194,0.00039801351093125175,0.0012952895,0.0007993462194428671,0.0003001455372370665,0.00056734,0.002780687
