command,mean,stddev,median,user,system,min,max
target_grk/bin/x86_64/MatchOptions 40,0.0005767249392878331,0.0003386106785523358,0.0005321250799999997,0.0007003821364985167,0.0007397875074183982,0,0.0024734010799999998
