command,mean,stddev,median,user,system,min,max
target_grk/bin/x86_64/MatchOptions 10,0.0008005661477334785,0.00027369074932102416,0.000834126,0.0005568973238667391,0.0001092536865101037,0.000313591,0.0018042910000000002
target_grk/bin/x86_64/MatchOptions 100,0.000747087931281134,0.00025859396458407857,0.00074642,0.000525745816834846,0.00010479588708647333,0.000313594,0.001792804
target_grk/bin/x86_64/MatchOptions 1000,0.0008161163321134479,0.0002913564064818291,0.000838752,0.0005613470570295826,0.00012592497712717282,0.000363924,0.0018433640000000001
target_grk/bin/x86_64/MatchOptions 10000,0.0014341796671091056,0.0006535291656686019,0.001375764,0.0008000257499336337,0.00044217122378550563,0.00056479,0.004645197
