command,mean,stddev,median,user,system,min,max
target_grk/bin/x86_64/MatchOptions 10,0.0008722681159698411,0.00035988080018105616,0.0008333628000000001,0.0006477675394105549,0.0009091992186429067,0.00004474380000000014,0.0031432708000000004
target_grk/bin/x86_64/MatchOptions 100,0.0008062053569576495,0.00037658543593818163,0.0007822768,0.0006067097666378559,0.0008822757476231635,0,0.0027281958000000004
