command,mean,stddev,median,user,system,min,max
target_grk/bin/x86_64/Merge 1000,0.0006515316599999998,0.00036424827532641354,0.0007146712599999999,0.0009271719999999999,0.000358144,0.00017396125999999965,0.00123623926
target_grk/bin/x86_64/Merge 10000,0.0025765150600000003,0.0005855604397438978,0.00240000026,0.0018705719999999998,0.00115956,0.00203315426,0.004039209260000001
target_grk/bin/x86_64/Merge 100000,0.011720502760000001,0.0016909075557870789,0.01173754226,0.007090839999999999,0.00446342,0.00814270326,0.01364074426
