command,mean,stddev,median,user,system,min,max
target_grk/bin/x86_64/Minimax 1,2.7935358568999997,0.02649327964572528,2.7820260484999997,2.7434639600000006,0.04625116,2.765818316,2.8498607739999997
