command,mean,stddev,median,user,system,min,max
target_grk/bin/x86_64/MotzkinGoto 3,0.0007184902999999996,0.00045151327732740416,0.0007540026999999997,0.00054994,0.000847028,0.00007400769999999965,0.0014298127
target_grk/bin/x86_64/MotzkinGoto 10,0.0002945505299999997,0.00027946190615959744,0.0002210376999999997,0.00042033999999999995,0.000557228,0,0.0007270626999999997
target_grk/bin/x86_64/MotzkinGoto 21,0.4696872916,0.004275859732229916,0.4688020302,0.4677117999999999,0.001151628,0.4645604037,0.4770674797
