command,mean,stddev,median,user,system,min,max
target_grk/bin/x86_64/Motzkin 3,0.000008563447999999852,0.000015176301454239995,0,0.0002689379999999999,0.00010193999999999999,0,0.000042767159999999556
target_grk/bin/x86_64/Motzkin 10,0.0009896660599999995,0.00038516027747634567,0.0008831161599999996,0.0005981099999999999,0.0010713,0.0004601031599999997,0.0016221931599999994
target_grk/bin/x86_64/Motzkin 21,0.39861264956,0.003014516967707883,0.39905053366000004,0.39703531999999997,0.00059708,0.39533060516,0.40411369816000003
