command,mean,stddev,median,user,system,min,max
target_grk/bin/x86_64/Nqueens 2 13,82.40866100145999,10.364657471343563,85.33173487096,82.19054586,0.050919439999999996,67.00402529996,92.76962272496
