command,mean,stddev,median,user,system,min,max
target_grk/bin/x86_64/Primes 10,0.000054629069999999986,0.0000753462858450892,0.00001663127000000003,0.00035310799999999976,0.00020407999999999998,0,0.00022075954000000007
target_grk/bin/x86_64/Primes 100,0.00015043303999999998,0.00010120631302470984,0.00014048654,0.0003795819999999999,0.00034342,0.000028067539999999903,0.00033345953999999994
target_grk/bin/x86_64/Primes 1000,0.00087932424,0.0005881359708805156,0.0009082115400000001,0.0010246079999999996,0.00032107999999999995,0.00016781054000000002,0.0018152755399999999
target_grk/bin/x86_64/Primes 10000,0.01203053904,0.0019718135921384236,0.011877897540000001,0.00959426,0.0023967199999999998,0.00915897054,0.014537317539999999
