command,mean,stddev,median,user,system,min,max
target_grk/bin/x86_64/Sudan 1 1,0.0007371440400000002,0.00048026344187457277,0.0007493559400000003,0.00044746399999999985,0.0007614519999999999,0.00010826094000000014,0.0014404209400000001
target_grk/bin/x86_64/Sudan 2 2,0.00028387114000000014,0.00013025454327653138,0.0002677534400000002,0.00040969599999999987,0.000145688,0.00008280394000000015,0.0005023609400000002
