command,mean,stddev,median,user,system,min,max
target_grk/bin/x86_64/SudanGoto 1 1,0.0002960892900000004,0.00040666211268327793,0.000018350090000000385,0.00027916,0.0007068600000000001,0,0.0009528801800000009
target_grk/bin/x86_64/SudanGoto 2 2,0.0009459139800000007,0.0005672136675415673,0.0010896431800000007,0.000684712,0.000902068,0.0000048351800000007075,0.0017398621800000008
