command,mean,stddev,median,user,system,min,max
target_grk/bin/x86_64/SumRange 10,0.0007185012304096792,0.0002931951774784908,0.00066553,0.0005076829804784178,0.00009255650261204285,0.000343431,0.001725558
target_grk/bin/x86_64/SumRange 100,0.0006941543028216344,0.00028075202116706403,0.0006144830000000001,0.0004839932818273425,0.00009459439032583137,0.000303725,0.002019864
target_grk/bin/x86_64/SumRange 1000,0.0007597043874376272,0.00030046522652497795,0.000705406,0.0005387609333724677,0.0001071806574699149,0.000332126,0.002232778
target_grk/bin/x86_64/SumRange 10000,0.0012512159928168276,0.0004174364776811253,0.001285598,0.0008226531554643406,0.00029621446895844027,0.000590096,0.003939232
