command,mean,stddev,median,user,system,min,max
target_grk/bin/x86_64/SumRange 40,0.0007412932475696013,0.000367729149177299,0.0006913712600000003,0.000610728743416103,0.0007840540556809637,0,0.0020887572600000004
