command,mean,stddev,median,user,system,min,max
target_grk/bin/x86_64/SumRange 10,0.00033560844120064935,0.00010573686898181831,0.00032720122000000026,0.000403219199567333,0.00029147305570578714,0.00006991022000000027,0.0008335502200000002
target_grk/bin/x86_64/SumRange 100,0.000333092234450155,0.00011274117523690624,0.00032374572000000033,0.00040809645426515944,0.0003000233915724564,0,0.0007837292200000004
target_grk/bin/x86_64/SumRange 1000,0.0003798835101578466,0.000127789003293495,0.0003755317200000003,0.00043431332404828194,0.0003064034911792016,0.00010061422000000038,0.0011570952200000003
target_grk/bin/x86_64/SumRange 10000,0.0012498847808288776,0.00021391003117022275,0.0012691897200000004,0.0008392835561497321,0.0008350599732620318,0.0006439152200000003,0.0024687372200000003
