command,mean,stddev,median,user,system,min,max
target_grk/bin/x86_64/SumRange 10,0.0007277037117402978,0.00026387441213190243,0.00070874,0.0004972804491091035,0.00009975958018062005,0.00031515600000000003,0.001758149
target_grk/bin/x86_64/SumRange 100,0.000741173593972321,0.0002743443164973015,0.000736076,0.0005171931186133738,0.0001010729530461777,0.000336831,0.0019225350000000002
target_grk/bin/x86_64/SumRange 1000,0.00075819340051207,0.000308367618642942,0.0006933550000000001,0.0005274012435991221,0.00010258193123628386,0.00034361300000000005,0.002596277
target_grk/bin/x86_64/SumRange 10000,0.0013403491363636352,0.00038517697846682464,0.0014176795,0.0008558372326203214,0.00031930882352941185,0.00054655,0.003050095
