command,mean,stddev,median,user,system,min,max
target_grk/bin/x86_64/TailFib 30000000 44,4.048725951580001,0.04966311306833304,4.048905769080001,2.49789552,1.5451022399999998,3.9591034615800003,4.11672931058
