command,mean,stddev,median,user,system,min,max
target_grk/bin/x86_64/Tak 12 5 6,0.00012674527200000064,0.00029235068135781064,0.000027326840000000806,0.00022041999999999998,0.0007978879999999999,0,0.0009467928400000007
target_grk/bin/x86_64/Tak 10 5 9,0.0002725885400000008,0.00031767271789586284,0.00014025634000000087,0.00030851999999999995,0.0009246880000000001,0.00004400084000000075,0.0010599018400000008
