command,mean,stddev,median,user,system,min,max
target_grk/bin/x86_64/Tak 12 5 6,0.00017646363999999996,0.00008709104274238286,0.00018251333999999998,0.00032155400000000005,0.000343794,0.00007018683999999997,0.00028205684000000004
target_grk/bin/x86_64/Tak 10 5 9,0.00054785514,0.0004998506160057667,0.0003284808399999999,0.00042375400000000004,0.0005592939999999999,0.00018031683999999992,0.0016417418399999998
