command,mean,stddev,median,user,system,min,max
target_grk/bin/x86_64/TakGoto 4 4 4,0.00015310204200000052,0.00013060763384083822,0.00011172688000000053,0.00039610200000000017,0.000107788,0,0.0004071063800000006
target_grk/bin/x86_64/TakGoto 12 5 6,0.0001937561800000006,0.00011024882015775853,0.00018007938000000063,0.00037272400000000017,0.00022387600000000002,0.0000762243800000006,0.00045072438000000065
target_grk/bin/x86_64/TakGoto 40 20 11,3.84556436668,0.07612657167185577,3.8236669583799996,3.8418056800000002,0.000622676,3.79705410538,4.05570004238
