command,mean,stddev,median,user,system,min,max
target_grk/bin/x86_64/TestTable 10,0.00040501295115862734,0.00011403578740084849,0.0003804639799999999,0.0003307454997513679,0.00030502724017901543,0.00013847198000000002,0.00134434298
target_grk/bin/x86_64/TestTable 100,0.0004381896706024098,0.0001134481750478229,0.00042665498000000004,0.00035919277108433764,0.000306358891566265,0.0001242779800000001,0.0011630679800000003
target_grk/bin/x86_64/TestTable 1000,0.00040635385617702503,0.00010600190798805047,0.00039641598,0.0003318740112994349,0.00031656049905838036,0.00003408598000000009,0.00093738398
target_grk/bin/x86_64/TestTable 10000,0.0004479830096411858,0.00011467549929154674,0.00044400997999999997,0.0003577452938117522,0.0003280672490899634,0.00021670998000000003,0.0009512529800000001
