command,mean,stddev,median,user,system,min,max
target_grk/bin/x86_64/TestTable 40,0.0006570102322496159,0.00036093017533787646,0.0006324095199999999,0.0006907690600924497,0.0007974912326656396,0,0.00298109202
