command,mean,stddev,median,user,system,min,max
target_grk/bin/x86_64/TestTable 10,0.0006576286906768126,0.000262235538799237,0.0005872830000000001,0.0004681296547974992,0.00007597988583854305,0.000344544,0.0018794240000000002
target_grk/bin/x86_64/TestTable 100,0.0007972606952837147,0.000277249393094711,0.000838634,0.0005565077376565968,0.00011940235814296234,0.00034592,0.001751588
target_grk/bin/x86_64/TestTable 1000,0.0006921015361070663,0.00028130327097468193,0.000622364,0.0004752467205512127,0.00009098383463627926,0.00031374500000000004,0.0017202710000000002
target_grk/bin/x86_64/TestTable 10000,0.0006274769664036629,0.0002549978723424664,0.00053523,0.0004453349452786977,0.00007332120132349196,0.00030449000000000003,0.001879404
