command,mean,stddev,median,user,system,min,max
target_grk/bin/x86_64/TestTable 10,0.0006926219395257792,0.0002451249006419052,0.000649087,0.0004883863389166842,0.00008669153795953892,0.000326516,0.001470633
target_grk/bin/x86_64/TestTable 100,0.000832723375974029,0.0002615436021813514,0.000879641,0.000572424025974025,0.00012574707792207797,0.000336646,0.001779916
target_grk/bin/x86_64/TestTable 1000,0.0007231635744514148,0.0002624082921171459,0.000700773,0.0005096844305120181,0.00009191052769069995,0.00030841800000000003,0.0019176070000000002
target_grk/bin/x86_64/TestTable 10000,0.0006996542019717556,0.0002866226048465638,0.000620203,0.0004821068478550489,0.00008678577138289356,0.000320671,0.001731003
